sample,time,solved,E2.Tsi,E2.Tti,K1.P1,M1.PV,M2.PV,M3.PV,R1.T2,R1.Xmax,R1.tau,S4.W,SNK1.P,SNK1.T,SNK1.z[C2H4O],SNK1.z[C2H4],SNK1.z[CO2],SRCE1.P,SRCE1.T,SRCE1.W,SRCR1.M[C2H4],SRCR1.M[O2],SRCR1.P,SRCR1.T,XC1.SP,XC2.SP,XV1.Pos,XV2.Pos,XV3.Pos
0,,True,20.002394485167372,405.44760619525937,0.49999999999999994,150.0,89.8797146873594,22.099999999999977,215.89275315112945,0.31603194329803014,1.252822250423021,89.8797146873594,1.6078166151936488,215.89275315112945,0.01765826875055933,0.25380236692640207,0.06191570649131812,1.5,20.0,100.0,4464.0,1195.4,1.0,25.0,150.0,89.8797146873594,1.0,1.0,0.5
1,,True,20.002394485167372,405.4476061952596,0.49999999999999994,150.0,94.6582427605084,22.099999999999977,216.52583849872843,0.30725598506638,1.1876734768809996,94.65824276050841,1.6078166151936488,216.52583849872832,0.01705179699495035,0.254443427599005,0.06166472554949367,1.5,20.0,100.0,4464.0,1195.4,1.0,25.0,150.0,94.6582427605084,1.0,1.0,0.5
2,,True,20.002394485167372,405.4476061952595,0.49999999999999994,150.0,87.8567735965328,22.099999999999977,215.6232546775219,0.32006626674237226,1.2825561910370649,87.85677359653279,1.6078166151936488,215.6232546775217,0.0179355938808197,0.25350865669229117,0.06203161094244622,1.5,20.0,100.0,4464.0,1195.4,1.0,25.0,150.0,87.8567735965328,1.0,1.0,0.5
3,,True,20.002394485167372,405.44760619525937,0.49999999999999994,150.0,87.4500760149169,22.099999999999977,215.56896792363148,0.32090216105407465,1.2887014989134469,87.4500760149169,1.6078166151936488,215.56896792363125,0.017992949617838823,0.25344787119652307,0.06205566409039116,1.5,20.0,100.0,4464.0,1195.4,1.0,25.0,150.0,87.4500760149169,1.0,1.0,0.5
4,,True,20.002394485167372,405.4476061952596,0.49999999999999994,150.0,50.9247592666308,22.099999999999977,210.55880357692604,0.45598653639648346,2.2461329475437575,50.9247592666308,1.6078166151936488,210.5588035769262,0.027031756581157747,0.2437708072504316,0.06604175716142352,1.5,20.0,100.0,4464.0,1195.4,1.0,25.0,150.0,50.9247592666308,1.0,1.0,0.5
5,,True,20.002394485167372,405.4476061952595,0.49999999999999994,150.0,59.4190829702021,22.099999999999977,211.74597977589752,0.40888673233283873,1.9173169451179395,59.4190829702021,1.6078166151936488,211.7459797758974,0.023910846004189176,0.24712679941530585,0.06463603311748357,1.5,20.0,100.0,4464.0,1195.4,1.0,25.0,150.0,59.4190829702021,1.0,1.0,0.5
6,,True,20.002394485167372,405.44760619525937,0.49999999999999994,150.0,61.6272595327589,22.099999999999977,212.052617381014,0.3988536349806066,1.8468293256399986,61.6272595327589,1.6078166151936488,212.05261738101416,0.023243508382339254,0.24784299408498545,0.0643382700459131,1.5,20.0,100.0,4464.0,1195.4,1.0,25.0,150.0,61.6272595327589,1.0,1.0,0.5
7,,True,20.002394485167372,405.4476061952596,0.49999999999999994,150.0,79.735113229658,22.099999999999977,214.5325230436876,0.33853480327407354,1.4172598228981563,79.735113229658,1.6078166151936488,214.53252304368772,0.019195623516165997,0.2521704171064304,0.06256575214962602,1.5,20.0,100.0,4464.0,1195.4,1.0,25.0,150.0,79.735113229658,1.0,1.0,0.5
8,,True,20.002394485167372,405.4476061952595,0.49999999999999994,150.0,84.7692216313198,22.099999999999977,215.21023964401826,0.3266327497563336,1.3306982976444783,84.7692216313198,1.6078166151936488,215.21023964401832,0.018385259945140786,0.2530317465139201,0.06222089635974126,1.5,20.0,100.0,4464.0,1195.4,1.0,25.0,150.0,84.7692216313198,1.0,1.0,0.5
9,,True,20.002394485167372,405.44760619525937,0.49999999999999994,150.0,59.6324033659509,22.099999999999977,211.7756397226317,0.4078835007390738,1.9102773528135044,59.63240336595089,1.6078166151936488,211.7756397226314,0.02384416816003593,0.24719838509569622,0.06460622931006527,1.5,20.0,100.0,4464.0,1195.4,1.0,25.0,150.0,59.6324033659509,1.0,1.0,0.5
10,,True,20.002394485167372,405.4476061952596,0.49999999999999994,150.0,74.2027856597865,22.099999999999977,213.78169660260932,0.35364111955782074,1.5260622759120277,74.2027856597865,1.6078166151936488,213.78169660260903,0.020217148599232376,0.25108176939964927,0.0630062217729096,1.5,20.0,100.0,4464.0,1195.4,1.0,25.0,150.0,74.2027856597865,1.0,1.0,0.5
11,,True,20.002394485167372,405.4476061952595,0.49999999999999994,150.0,88.1061065045227,22.099999999999977,215.65651858230802,0.3195579998877978,1.2788169963795137,88.1061065045227,1.6078166151936488,215.65651858230814,0.017900701480369086,0.25354562884872633,0.062016991674053,1.5,20.0,100.0,4464.0,1195.4,1.0,25.0,150.0,88.1061065045227,1.0,1.0,0.5
12,,True,20.002394485167372,405.44760619525937,0.49999999999999994,150.0,69.4970384776829,22.099999999999977,213.13822134929467,0.3685295164337785,1.6323744380611764,69.4970384776829,1.6078166151936488,213.13822134929467,0.02121799929382226,0.25001261908155764,0.06344284779786939,1.5,20.0,100.0,4464.0,1195.4,1.0,25.0,150.0,69.4970384776829,1.0,1.0,0.5
13,,True,20.002394485167372,405.4476061952596,0.49999999999999994,150.0,66.3388443502627,22.099999999999977,212.7039520110983,0.3797860616909416,1.7122655798650248,66.33884435026269,1.6078166151936488,212.70395201109835,0.021971629496278008,0.24920618911068754,0.06377436438969498,1.5,20.0,100.0,4464.0,1195.4,1.0,25.0,150.0,66.3388443502627,1.0,1.0,0.5
14,,True,20.002394485167372,405.4476061952595,0.49999999999999994,150.0,95.9613832644041,22.099999999999977,216.69762153776486,0.30503086740787877,1.171042175931524,95.96138326440412,1.6078166151936488,216.6976215377652,0.01689724890900804,0.2546064913097368,0.06160136514760922,1.5,20.0,100.0,4464.0,1195.4,1.0,25.0,150.0,95.9613832644041,1.0,1.0,0.5
15,,True,20.002394485167372,405.44760619525937,0.49999999999999994,150.0,82.9365439214225,22.099999999999977,214.96413033769403,0.3307838791752278,1.3609842587468952,82.93654392142248,1.6078166151936488,214.9641303376941,0.018668530141365672,0.2527309181349944,0.06234092913147992,1.5,20.0,100.0,4464.0,1195.4,1.0,25.0,150.0,82.9365439214225,1.0,1.0,0.5
16,,True,20.002394485167372,405.4476061952596,0.49999999999999994,150.0,64.1854767893769,22.099999999999977,212.4067737429553,0.388134695314896,1.7712908949335555,64.1854767893769,1.6078166151936488,212.40677374295518,0.022529166682142162,0.2486089374495067,0.0640209272458847,1.5,20.0,100.0,4464.0,1195.4,1.0,25.0,150.0,64.1854767893769,1.0,1.0,0.5
17,,True,20.002394485167372,405.4476061952595,0.49999999999999994,150.0,82.7422080714249,22.099999999999977,214.93799161147734,0.33123582400665025,1.3642751234837878,82.7422080714249,1.6078166151936488,214.93799161147723,0.0186993274275427,0.25269819459002946,0.06235401380585134,1.5,20.0,100.0,4464.0,1195.4,1.0,25.0,150.0,82.7422080714249,1.0,1.0,0.5
18,,True,20.002394485167372,405.44760619525937,0.49999999999999994,150.0,94.1231298401174,22.099999999999977,216.45519099451764,0.3081896135149514,1.1946373599660611,94.12312984011741,1.6078166151936488,216.45519099451764,0.017116543732494056,0.25437507548760535,0.061691345540915356,1.5,20.0,100.0,4464.0,1195.4,1.0,25.0,150.0,94.1231298401174,1.0,1.0,0.5
19,,True,20.002394485167372,405.4476061952596,0.49999999999999994,150.0,85.149136221856,22.099999999999977,215.26116937322018,0.325796604401621,1.324584545145477,85.14913622185598,1.6078166151936488,215.26116937322035,0.01832811233907529,0.25309240046109277,0.06219675243886327,1.5,20.0,100.0,4464.0,1195.4,1.0,25.0,150.0,85.149136221856,1.0,1.0,0.5
20,,True,20.002394485167372,405.4476061952595,0.49999999999999994,150.0,87.0844944792942,22.099999999999977,215.52013921651542,0.32166087062868426,1.2942749415941828,87.0844944792942,1.6078166151936488,215.52013921651553,0.018044979312806554,0.2533927184544764,0.062077507217976224,1.5,20.0,100.0,4464.0,1195.4,1.0,25.0,150.0,87.0844944792942,1.0,1.0,0.5
21,,True,20.002394485167372,405.44760619525937,0.49999999999999994,150.0,84.2891387749767,22.099999999999977,215.1458380874638,0.3277011366150166,1.3385035103755982,84.2891387749767,1.6078166151936488,215.1458380874637,0.018458235806779563,0.25295427534223475,0.06225176308258822,1.5,20.0,100.0,4464.0,1195.4,1.0,25.0,150.0,84.2891387749767,1.0,1.0,0.5
22,,True,20.002394485167372,405.4476061952596,0.49999999999999994,150.0,74.3808873932039,22.099999999999977,213.80596449940646,0.3531171050778125,1.5223051610815521,74.3808873932039,1.6078166151936488,213.80596449940623,0.020181824407522708,0.25111946148313663,0.06299089679410273,1.5,20.0,100.0,4464.0,1195.4,1.0,25.0,150.0,74.3808873932039,1.0,1.0,0.5
23,,True,20.002394485167372,405.4476061952595,0.49999999999999994,150.0,78.7834927507731,22.099999999999977,214.40381819133472,0.34097060566754694,1.4348773497982443,78.7834927507731,1.6078166151936488,214.40381819133444,0.019360820628662997,0.25199456682556326,0.06263657991614405,1.5,20.0,100.0,4464.0,1195.4,1.0,25.0,150.0,78.7834927507731,1.0,1.0,0.5
24,,True,20.002394485167372,405.44760619525937,0.49999999999999994,150.0,57.8929545273809,22.099999999999977,211.53355914519778,0.4162897333017322,1.9692085486644726,57.8929545273809,1.6078166151936488,211.5335591451975,0.02440255464394406,0.24659872976043834,0.06485615551389377,1.5,20.0,100.0,4464.0,1195.4,1.0,25.0,150.0,57.8929545273809,1.0,1.0,0.5
25,,True,20.002394485167372,405.4476061952596,0.49999999999999994,150.0,91.8956074118508,22.099999999999977,216.16043446996702,0.3122062358860638,1.224505008572487,91.89560741185082,1.6078166151936488,216.1604344699668,0.017394459787856403,0.25408144129586246,0.061806093199763726,1.5,20.0,100.0,4464.0,1195.4,1.0,25.0,150.0,91.8956074118508,1.0,1.0,0.5
26,,True,20.002394485167372,405.4476061952595,0.49999999999999994,150.0,95.5511989047543,22.099999999999977,216.64359021051882,0.3057239531135672,1.1762278093318543,95.5511989047543,1.6078166151936488,216.64359021051865,0.016945424479935425,0.2545556751195318,0.06162108806203043,1.5,20.0,100.0,4464.0,1195.4,1.0,25.0,150.0,95.5511989047543,1.0,1.0,0.5
27,,True,20.002394485167372,405.44760619525937,0.49999999999999994,150.0,76.7627179351379,22.099999999999977,214.12989543851108,0.3463596590680183,1.4737500528005365,76.76271793513789,1.6078166151936488,214.1298954385113,0.01972562014819577,0.25160595685205905,0.06279355741946822,1.5,20.0,100.0,4464.0,1195.4,1.0,25.0,150.0,76.7627179351379,1.0,1.0,0.5
28,,True,20.002394485167372,405.4476061952596,0.49999999999999994,150.0,85.9517445260941,22.099999999999977,215.3686629406763,0.3240567221665091,1.3118478350360048,85.9517445260941,1.6078166151936488,215.3686629406766,0.018209096697835176,0.2532186782818656,0.0621465505511107,1.5,20.0,100.0,4464.0,1195.4,1.0,25.0,150.0,85.9517445260941,1.0,1.0,0.5
29,,True,20.002394485167372,405.4476061952595,0.49999999999999994,150.0,84.5478748423857,22.099999999999977,215.18055274720217,0.3271236935055007,1.3342858577686578,84.5478748423857,1.6078166151936488,215.180552747202,0.01841879988231724,0.25299614298105444,0.062235077877242716,1.5,20.0,100.0,4464.0,1195.4,1.0,25.0,150.0,84.5478748423857,1.0,1.0,0.5
30,,True,20.002394485167372,405.44760619525937,0.49999999999999994,150.0,99.1033890294221,22.099999999999977,217.11027328482191,0.2999343734139302,1.1327558131135234,99.10338902942212,1.6078166151936488,217.11027328482197,0.01654192214821934,0.254980887784833,0.06145670878920902,1.5,20.0,100.0,4464.0,1195.4,1.0,25.0,150.0,99.1033890294221,1.0,1.0,0.5
31,,True,20.002394485167372,405.4476061952596,0.49999999999999994,150.0,67.3987775243112,22.099999999999977,212.8499105164002,0.37588351098277517,1.684610313287231,67.39877752431119,1.6078166151936488,212.8499105164001,0.021710615768053863,0.24948561038860698,0.06365930474463462,1.5,20.0,100.0,4464.0,1195.4,1.0,25.0,150.0,67.3987775243112,1.0,1.0,0.5
32,,True,20.002394485167372,405.4476061952595,0.49999999999999994,150.0,67.2593712826055,22.099999999999977,212.8307256630966,0.376389353085222,1.6881973782124517,67.25937128260551,1.6078166151936488,212.83072566309653,0.021744463029254327,0.2494493830907441,0.0636742112711473,1.5,20.0,100.0,4464.0,1195.4,1.0,25.0,150.0,67.2593712826055,1.0,1.0,0.5
33,,True,20.002394485167372,405.44760619525937,0.49999999999999994,150.0,87.4798824255169,22.099999999999977,215.57294774128468,0.3208406092862509,1.2882491591607268,87.47988242551689,1.6078166151936488,215.5729477412848,0.017988727366777726,0.2534523463961097,0.062053892481692505,1.5,20.0,100.0,4464.0,1195.4,1.0,25.0,150.0,87.4798824255169,1.0,1.0,0.5
34,,True,20.002394485167372,405.4476061952596,0.49999999999999994,150.0,88.9893091259104,22.099999999999977,215.77424074473964,0.317782775868081,1.2657417830546447,88.9893091259104,1.6078166151936488,215.7742407447393,0.01777872871380121,0.2536748309909679,0.061965968931343623,1.5,20.0,100.0,4464.0,1195.4,1.0,25.0,150.0,88.9893091259104,1.0,1.0,0.5
35,,True,20.002394485167372,405.4476061952595,0.49999999999999994,150.0,59.5110304103773,22.099999999999977,211.7587650643208,0.4084533865875793,1.9142764189060426,59.5110304103773,1.6078166151936488,211.75876506432087,0.023882045831755804,0.24715772011961273,0.06462315857525035,1.5,20.0,100.0,4464.0,1195.4,1.0,25.0,150.0,59.5110304103773,1.0,1.0,0.5
36,,True,20.002394485167372,405.44760619525937,0.49999999999999994,150.0,70.4476189466453,22.099999999999977,213.2685562554595,0.3653509073145635,1.609743487088722,70.4476189466453,1.6078166151936488,213.2685562554597,0.021004742891997767,0.25024061367108547,0.06334944317475921,1.5,20.0,100.0,4464.0,1195.4,1.0,25.0,150.0,70.4476189466453,1.0,1.0,0.5
37,,True,20.002394485167372,405.4476061952596,0.49999999999999994,150.0,58.215294148693,22.099999999999977,211.57845852834856,0.41469231755219044,1.9580192962215806,58.215294148693,1.6078166151936488,211.57845852834868,0.0242964996284055,0.24671265188699223,0.0648086289928018,1.5,20.0,100.0,4464.0,1195.4,1.0,25.0,150.0,58.215294148693,1.0,1.0,0.5
38,,True,20.002394485167372,405.4476061952595,0.49999999999999994,150.0,51.6097182187299,22.099999999999977,210.6549559264305,0.4515908078386171,2.215559362655849,51.609718218729896,1.6078166151936488,210.65495592643072,0.026741108098040544,0.24408373219843144,0.0659100760232462,1.5,20.0,100.0,4464.0,1195.4,1.0,25.0,150.0,51.6097182187299,1.0,1.0,0.5
39,,True,20.002394485167372,405.44760619525937,0.49999999999999994,150.0,87.2199108329984,22.099999999999977,215.53822936251595,0.3213790200625751,1.2922049682803989,87.2199108329984,1.6078166151936488,215.53822936251663,0.018025654264534625,0.25341320477348683,0.06206939157269431,1.5,20.0,100.0,4464.0,1195.4,1.0,25.0,150.0,87.2199108329984,1.0,1.0,0.5
40,,True,20.002394485167372,405.4476061952596,0.49999999999999994,150.0,55.2583855578611,22.099999999999977,211.16593261190934,0.4300755904537007,2.0656089174610406,55.2583855578611,1.6078166151936488,211.16593261190945,0.02531688708324646,0.24561605291985814,0.06526693536442257,1.5,20.0,100.0,4464.0,1195.4,1.0,25.0,150.0,55.2583855578611,1.0,1.0,0.5
41,,True,20.002394485167372,405.4476061952595,0.49999999999999994,150.0,67.8790402999309,22.099999999999977,212.9159751940747,0.374157705992996,1.6723665437984558,67.8790402999309,1.6078166151936488,212.91597519407503,0.021595102585218698,0.24960923006339106,0.06360846417018329,1.5,20.0,100.0,4464.0,1195.4,1.0,25.0,150.0,67.8790402999309,1.0,1.0,0.5
42,,True,20.002394485167372,405.44760619525937,0.49999999999999994,150.0,55.7514918185598,22.099999999999977,211.23482755954217,0.42739202556066197,2.046865297300425,55.751491818559806,1.6078166151936488,211.2348275595416,0.025139024883839324,0.24580727977080052,0.06518688799613338,1.5,20.0,100.0,4464.0,1195.4,1.0,25.0,150.0,55.7514918185598,1.0,1.0,0.5
43,,True,20.002394485167372,405.4476061952596,0.49999999999999994,150.0,84.6536473798634,22.099999999999977,215.1947401890443,0.3268887417870542,1.332569149437457,84.6536473798634,1.6078166151936488,215.19474018904367,0.01840274993690441,0.2530131809488559,0.062228290512021125,1.5,20.0,100.0,4464.0,1195.4,1.0,25.0,150.0,84.6536473798634,1.0,1.0,0.5
44,,True,20.002394485167372,405.4476061952595,0.49999999999999994,150.0,59.1424275769804,22.099999999999977,211.70750202321966,0.4101991062800092,1.9265230206572923,59.1424275769804,1.6078166151936488,211.7075020232196,0.02399805438860138,0.2470331636131698,0.06467503056413941,1.5,20.0,100.0,4464.0,1195.4,1.0,25.0,150.0,59.1424275769804,1.0,1.0,0.5
45,,True,20.002394485167372,405.44760619525937,0.49999999999999994,150.0,52.6367330609692,22.099999999999977,210.79899295042532,0.44522175710402767,2.1712257026302657,52.6367330609692,1.6078166151936488,210.7989929504252,0.02631979983348157,0.24453720743220278,0.06571944576327705,1.5,20.0,100.0,4464.0,1195.4,1.0,25.0,150.0,52.6367330609692,1.0,1.0,0.5
46,,True,20.002394485167372,405.4476061952596,0.49999999999999994,150.0,70.2951928003338,22.099999999999977,213.24766879324613,0.36585444255838073,1.613330786878221,70.2951928003338,1.6078166151936488,213.24766879324613,0.021038539810806445,0.25020448736856665,0.06336423330413966,1.5,20.0,100.0,4464.0,1195.4,1.0,25.0,150.0,70.2951928003338,1.0,1.0,0.5
47,,True,20.002394485167372,405.4476061952595,0.49999999999999994,150.0,64.9239216570401,22.099999999999977,212.50878081802398,0.38520586046643934,1.7506041651820918,64.9239216570401,1.6078166151936488,212.50878081802398,0.022333697985446904,0.24881838873687065,0.0639343660685833,1.5,20.0,100.0,4464.0,1195.4,1.0,25.0,150.0,64.9239216570401,1.0,1.0,0.5
48,,True,20.002394485167372,405.44760619525937,0.49999999999999994,150.0,91.1904537268964,22.099999999999977,216.06690033390146,0.31352318531767176,1.2342667192975723,91.1904537268964,1.6078166151936488,216.06690033390123,0.0174853674950705,0.2539853099204071,0.061843792099975176,1.5,20.0,100.0,4464.0,1195.4,1.0,25.0,150.0,91.1904537268964,1.0,1.0,0.5
49,,True,20.002394485167372,405.4476061952596,0.49999999999999994,150.0,64.9848590258734,22.099999999999977,212.5171940629033,0.3849673048141533,1.748918274492683,64.9848590258734,1.6078166151936488,212.5171940629035,0.02231777117235646,0.24883545210643554,0.06392731854678362,1.5,20.0,100.0,4464.0,1195.4,1.0,25.0,150.0,64.9848590258734,1.0,1.0,0.5
50,,True,20.002394485167372,405.4476061952595,0.49999999999999994,150.0,81.1528839896594,22.099999999999977,214.72392617127127,0.33502037579831356,1.3917853357722414,81.15288398965941,1.6078166151936488,214.72392617127184,0.01895690715727864,0.2524243769875613,0.062463704681202076,1.5,20.0,100.0,4464.0,1195.4,1.0,25.0,150.0,81.1528839896594,1.0,1.0,0.5
51,,True,20.002394485167372,405.44760619525937,0.49999999999999994,150.0,94.1188096310943,22.099999999999977,216.45462037054568,0.30819719924914374,1.1946939075142515,94.1188096310943,1.6078166151936488,216.4546203705458,0.017117069564922732,0.2543745202849784,0.06169156191102646,1.5,20.0,100.0,4464.0,1195.4,1.0,25.0,150.0,94.1188096310943,1.0,1.0,0.5
52,,True,20.002394485167372,405.4476061952596,0.49999999999999994,150.0,75.1017438497202,22.099999999999977,213.90412238035418,0.35102339308860603,1.507282112665564,75.1017438497202,1.6078166151936488,213.90412238035395,0.020040612155634577,0.25127010814733436,0.0629296965236736,1.5,20.0,100.0,4464.0,1195.4,1.0,25.0,150.0,75.1017438497202,1.0,1.0,0.5
53,,True,20.002394485167372,405.4476061952595,0.49999999999999994,150.0,79.0115254023429,22.099999999999977,214.43467618538324,0.34038114508253964,1.4306167357467,79.01152540234288,1.6078166151936488,214.43467618538352,0.019320861603084834,0.2520371103239057,0.06261943238304064,1.5,20.0,100.0,4464.0,1195.4,1.0,25.0,150.0,79.0115254023429,1.0,1.0,0.5
54,,True,20.002394485167372,405.44760619525937,0.49999999999999994,150.0,82.7569815499344,22.099999999999977,214.93997896491987,0.3312013858573399,1.3640244032785884,82.75698154993441,1.6078166151936488,214.93997896491993,0.01869698096657613,0.2527006879302813,0.06235301664453833,1.5,20.0,100.0,4464.0,1195.4,1.0,25.0,150.0,82.7569815499344,1.0,1.0,0.5
55,,True,20.002394485167372,405.4476061952596,0.49999999999999994,150.0,69.3976971355798,22.099999999999977,213.12459046526612,0.36886704678370763,1.6347756254360708,69.3976971355798,1.6078166151936488,213.1245904652659,0.021240632293964726,0.24998841641416933,0.06345277186673251,1.5,20.0,100.0,4464.0,1195.4,1.0,25.0,150.0,69.3976971355798,1.0,1.0,0.5
56,,True,20.002394485167372,405.4476061952595,0.49999999999999994,150.0,87.7127925922602,22.099999999999977,215.60403987298935,0.3203612201043934,1.2847252100129651,87.7127925922602,1.6078166151936488,215.60403987298946,0.017955836388827893,0.2534872052885475,0.06204009686624532,1.5,20.0,100.0,4464.0,1195.4,1.0,25.0,150.0,87.7127925922602,1.0,1.0,0.5
57,,True,20.002394485167372,405.44760619525937,0.49999999999999994,150.0,68.2186897521368,22.099999999999977,212.96267064194757,0.37295273522390093,1.6638126101858046,68.2186897521368,1.6078166151936488,212.96267064194762,0.021514417734280266,0.24969556228455267,0.06357298238966405,1.5,20.0,100.0,4464.0,1195.4,1.0,25.0,150.0,68.2186897521368,1.0,1.0,0.5
58,,True,20.002394485167372,405.4476061952596,0.49999999999999994,150.0,99.2444224326213,22.099999999999977,217.12874468758122,0.2997140954246712,1.1310945991460892,99.2444224326213,1.6078166151936488,217.1287446875814,0.01652651960719134,0.25499710011291427,0.06145047196821246,1.5,20.0,100.0,4464.0,1195.4,1.0,25.0,150.0,99.2444224326213,1.0,1.0,0.5
59,,True,20.002394485167372,405.4476061952595,0.49999999999999994,150.0,84.5340786279517,22.099999999999977,215.17870206413022,0.3271543862736413,1.3345100923941469,84.5340786279517,1.6078166151936488,215.17870206413033,0.018420896379106183,0.2529939173545669,0.062235964607180096,1.5,20.0,100.0,4464.0,1195.4,1.0,25.0,150.0,84.5340786279517,1.0,1.0,0.5
60,,True,20.002394485167372,405.44760619525937,0.49999999999999994,150.0,76.5139208290311,22.099999999999977,214.09611252451128,0.34704438202232557,1.4786792871835224,76.5139208290311,1.6078166151936488,214.09611252451117,0.019771906500007944,0.25155662247210936,0.06281352881706302,1.5,20.0,100.0,4464.0,1195.4,1.0,25.0,150.0,76.5139208290311,1.0,1.0,0.5
61,,True,20.002394485167372,405.4476061952596,0.49999999999999994,150.0,56.1557796367269,22.099999999999977,211.29128349553883,0.42522841550904594,2.031746006639161,56.1557796367269,1.6078166151936488,211.29128349553906,0.024995583392704735,0.24596147570116908,0.06512237940887464,1.5,20.0,100.0,4464.0,1195.4,1.0,25.0,150.0,56.1557796367269,1.0,1.0,0.5
62,,True,20.002394485167372,405.4476061952595,0.49999999999999994,150.0,64.4682101044736,22.099999999999977,212.44584176161612,0.38700495302020294,1.7633138918920788,64.4682101044736,1.6078166151936488,212.44584176161624,0.02245378365145495,0.24868972022897837,0.0639875300442508,1.5,20.0,100.0,4464.0,1195.4,1.0,25.0,150.0,64.4682101044736,1.0,1.0,0.5
63,,True,20.002394485167372,405.44760619525937,0.49999999999999994,150.0,87.2674336278268,22.099999999999977,215.54457695990726,0.321280335485623,1.291480071069882,87.2674336278268,1.6078166151936488,215.54457695990743,0.018018887050881803,0.25342037827720926,0.0620665503729829,1.5,20.0,100.0,4464.0,1195.4,1.0,25.0,150.0,87.2674336278268,1.0,1.0,0.5
64,,True,20.002394485167372,405.4476061952596,0.49999999999999994,150.0,68.2145046296825,22.099999999999977,212.96209540000172,0.3729675053050143,1.663917487553817,68.2145046296825,1.6078166151936488,212.96209540000172,0.02151540690408177,0.24969450395515208,0.06357341723403824,1.5,20.0,100.0,4464.0,1195.4,1.0,25.0,150.0,68.2145046296825,1.0,1.0,0.5
65,,True,20.002394485167372,405.4476061952595,0.49999999999999994,150.0,82.7991809511177,22.099999999999977,214.945655447803,0.3311030893756139,1.363308735725525,82.7991809511177,1.6078166151936488,214.94565544780318,0.018690283223634436,0.2527078048200925,0.06235017055658466,1.5,20.0,100.0,4464.0,1195.4,1.0,25.0,150.0,82.7991809511177,1.0,1.0,0.5
66,,True,20.002394485167372,405.44760619525937,0.49999999999999994,150.0,92.1641210117454,22.099999999999977,216.19602271977288,0.31171062495258894,1.2208274740131153,92.16412101174541,1.6078166151936488,216.19602271977288,0.017360221611704103,0.25411763656147585,0.061791915382389144,1.5,20.0,100.0,4464.0,1195.4,1.0,25.0,150.0,92.1641210117454,1.0,1.0,0.5
67,,True,20.002394485167372,405.4476061952596,0.49999999999999994,150.0,74.746205396726,22.099999999999977,213.85572232167533,0.35205063362774525,1.5146551900328558,74.746205396726,1.6078166151936488,213.85572232167527,0.020109910156361356,0.25119618667895166,0.06295971704288678,1.5,20.0,100.0,4464.0,1195.4,1.0,25.0,150.0,74.746205396726,1.0,1.0,0.5
68,,True,20.002394485167372,405.4476061952595,0.49999999999999994,150.0,74.8244768779256,22.099999999999977,213.86637973488172,0.3518235884242009,1.5130259443457772,74.8244768779256,1.6078166151936488,213.86637973488166,0.020094596091519604,0.25121252353582446,0.06295308073459717,1.5,20.0,100.0,4464.0,1195.4,1.0,25.0,150.0,74.8244768779256,1.0,1.0,0.5
69,,True,20.002394485167372,405.44760619525937,0.49999999999999994,150.0,99.1032508672587,22.099999999999977,217.11025518731503,0.29993458955336316,1.13275744284531,99.10325086725868,1.6078166151936488,217.11025518731498,0.016541937259480298,0.2549808718783889,0.061456714909504766,1.5,20.0,100.0,4464.0,1195.4,1.0,25.0,150.0,99.1032508672587,1.0,1.0,0.5
70,,True,20.002394485167372,405.4476061952596,0.49999999999999994,150.0,87.9970983855215,22.099999999999977,215.64197727291474,0.31977982408295574,1.2804491396847262,87.9970983855215,1.6078166151936488,215.6419772729153,0.017915931267412713,0.2535294919237471,0.06202337141004778,1.5,20.0,100.0,4464.0,1195.4,1.0,25.0,150.0,87.9970983855215,1.0,1.0,0.5
71,,True,20.002394485167372,405.4476061952595,0.49999999999999994,150.0,71.6876727700553,22.099999999999977,213.43831625484444,0.3613391287285597,1.5811313001977356,71.6876727700553,1.6078166151936488,213.4383162548442,0.02073527651619009,0.2505285644529883,0.0632316959518247,1.5,20.0,100.0,4464.0,1195.4,1.0,25.0,150.0,71.6876727700553,1.0,1.0,0.5
72,,True,20.002394485167372,405.44760619525937,0.49999999999999994,150.0,65.4330189102227,22.099999999999977,212.57904753791814,0.38322726741864954,1.736616904379965,65.4330189102227,1.6078166151936488,212.57904753791803,0.02220157325552206,0.24895992927179703,0.06387592719525712,1.5,20.0,100.0,4464.0,1195.4,1.0,25.0,150.0,65.4330189102227,1.0,1.0,0.5
73,,True,20.002394485167372,405.4476061952596,0.49999999999999994,150.0,89.1822820674893,22.099999999999977,215.7999398104073,0.3174000548524168,1.262919716631219,89.1822820674893,1.6078166151936488,215.79993981040786,0.017752410968119595,0.2537027001503629,0.06195497678687615,1.5,20.0,100.0,4464.0,1195.4,1.0,25.0,150.0,89.1822820674893,1.0,1.0,0.5
74,,True,20.002394485167372,405.4476061952595,0.49999999999999994,150.0,60.9103550184514,22.099999999999977,211.95315892742337,0.4020273815516861,1.8691477971448733,60.9103550184514,1.6078166151936488,211.9531589274235,0.023454731492518487,0.24761637139502393,0.0644323879297585,1.5,20.0,100.0,4464.0,1195.4,1.0,25.0,150.0,60.9103550184514,1.0,1.0,0.5
75,,True,20.002394485167372,405.44760619525937,0.49999999999999994,150.0,57.0272734008443,22.099999999999977,211.41288967415056,0.42067312803530815,1.9998913222668273,57.02727340084431,1.6078166151936488,211.41288967415096,0.024693454202819865,0.2462861850026792,0.06498664938549534,1.5,20.0,100.0,4464.0,1195.4,1.0,25.0,150.0,57.0272734008443,1.0,1.0,0.5
76,,True,20.002394485167372,405.4476061952596,0.49999999999999994,150.0,88.5700200205793,22.099999999999977,215.71837454706542,0.3186206817823027,1.2719162825750938,88.57002002057929,1.6078166151936488,215.71837454706554,0.01783632023870215,0.2536138339640019,0.06199004424846976,1.5,20.0,100.0,4464.0,1195.4,1.0,25.0,150.0,88.5700200205793,1.0,1.0,0.5
77,,True,20.002394485167372,405.4476061952595,0.49999999999999994,150.0,76.5967012358981,22.099999999999977,214.107354258596,0.3468160278625234,1.4770356332892485,76.59670123589811,1.6078166151936488,214.107354258596,0.019756471621674557,0.2515730744155819,0.06280686774608366,1.5,20.0,100.0,4464.0,1195.4,1.0,25.0,150.0,76.5967012358981,1.0,1.0,0.5
78,,True,20.002394485167372,405.44760619525937,0.49999999999999994,150.0,97.2036200530461,22.099999999999977,216.86102914444967,0.3029717285622048,1.1556067717835672,97.2036200530461,1.6078166151936488,216.86102914444967,0.01675391904906922,0.25475760111755935,0.06154283900693143,1.5,20.0,100.0,4464.0,1195.4,1.0,25.0,150.0,97.2036200530461,1.0,1.0,0.5
79,,True,20.002394485167372,405.4476061952596,0.49999999999999994,150.0,50.7006531639844,22.099999999999977,210.52732922368654,0.4574514244409694,2.2563175242517737,50.70065316398439,1.6078166151936488,210.52732922368648,0.027128594660640222,0.24366653219755674,0.06608566043009174,1.5,20.0,100.0,4464.0,1195.4,1.0,25.0,150.0,50.7006531639844,1.0,1.0,0.5
80,,True,20.002394485167372,405.4476061952595,0.49999999999999994,150.0,90.6093771751643,22.099999999999977,215.9897432750446,0.3146254693885937,1.2424259476253645,90.60937717516428,1.6078166151936488,215.9897432750447,0.0175613796475275,0.25390490011018974,0.06187537371250357,1.5,20.0,100.0,4464.0,1195.4,1.0,25.0,150.0,90.6093771751643,1.0,1.0,0.5
81,,True,20.002394485167372,405.44760619525937,0.49999999999999994,150.0,58.2749382468685,22.099999999999977,211.58676454672548,0.4143987633225451,1.955962606879547,58.274938246868516,1.6078166151936488,211.58676454672508,0.02427700743722849,0.24673358856110827,0.0647998968183954,1.5,20.0,100.0,4464.0,1195.4,1.0,25.0,150.0,58.2749382468685,1.0,1.0,0.5
82,,True,20.002394485167372,405.4476061952596,0.49999999999999994,150.0,60.4510918714435,22.099999999999977,211.8893960612474,0.4041020575338274,1.8837264845313595,60.4510918714435,1.6078166151936488,211.8893960612475,0.02359274340721627,0.24746826466587438,0.06449394963374788,1.5,20.0,100.0,4464.0,1195.4,1.0,25.0,150.0,60.4510918714435,1.0,1.0,0.5
83,,True,20.002394485167372,405.4476061952595,0.49999999999999994,150.0,64.0264624655449,22.099999999999977,212.38479472253863,0.388774704462384,1.7758085642796178,64.0264624655449,1.6078166151936488,212.38479472253852,0.02257186348364955,0.24856317821899804,0.06403985139938116,1.5,20.0,100.0,4464.0,1195.4,1.0,25.0,150.0,64.0264624655449,1.0,1.0,0.5
84,,True,20.002394485167372,405.44760619525937,0.49999999999999994,150.0,55.7710009087852,22.099999999999977,211.2375524811191,0.42728686947796723,2.0461306209147634,55.77100090878519,1.6078166151936488,211.23755248111922,0.025132054179713946,0.24581477359561554,0.0651837521344839,1.5,20.0,100.0,4464.0,1195.4,1.0,25.0,150.0,55.7710009087852,1.0,1.0,0.5
85,,True,20.002394485167372,405.4476061952596,0.49999999999999994,150.0,88.2169172456898,22.099999999999977,215.6712977437591,0.31933312533891084,1.2771620325067627,88.2169172456898,1.6078166151936488,215.6712977437594,0.01788525970980241,0.25356198938131885,0.06201052514320337,1.5,20.0,100.0,4464.0,1195.4,1.0,25.0,150.0,88.2169172456898,1.0,1.0,0.5
86,,True,20.002394485167372,405.4476061952595,0.49999999999999994,150.0,59.9363957072959,22.099999999999977,211.817892970014,0.40646675982383906,1.9003330520358956,59.9363957072959,1.6078166151936488,211.81789297001467,0.023749988798542152,0.24729948690541553,0.06456415210031147,1.5,20.0,100.0,4464.0,1195.4,1.0,25.0,150.0,59.9363957072959,1.0,1.0,0.5
87,,True,20.002394485167372,405.44760619525937,0.49999999999999994,150.0,72.759715230783,22.099999999999977,213.58483227367873,0.35798834602101764,1.5571888586269862,72.759715230783,1.6078166151936488,213.58483227367867,0.020509925237892804,0.2507692495748368,0.06313347431456642,1.5,20.0,100.0,4464.0,1195.4,1.0,25.0,150.0,72.759715230783,1.0,1.0,0.5
88,,True,20.002394485167372,405.4476061952596,0.49999999999999994,150.0,95.7633637365288,22.099999999999977,216.67154212372316,0.30536463143124976,1.1735399855689093,95.7633637365288,1.6078166151936488,216.67154212372276,0.016920452638122484,0.25458201731454655,0.06161086150256296,1.5,20.0,100.0,4464.0,1195.4,1.0,25.0,150.0,95.7633637365288,1.0,1.0,0.5
89,,True,20.002394485167372,405.4476061952595,0.49999999999999994,150.0,97.5747184820931,22.099999999999977,216.9097787130794,0.3023679760162231,1.1510725714639727,97.57471848209312,1.6078166151936488,216.9097787130798,0.016711835109548965,0.2548019472088105,0.06152569912669468,1.5,20.0,100.0,4464.0,1195.4,1.0,25.0,150.0,97.5747184820931,1.0,1.0,0.5
90,,True,20.002394485167372,405.44760619525937,0.49999999999999994,150.0,60.533117514645,22.099999999999977,211.90078700850302,0.4037290937523545,1.8811062989618894,60.53311751464499,1.6078166151936488,211.90078700850307,0.02356793671516537,0.24749488770905492,0.06448288058566001,1.5,20.0,100.0,4464.0,1195.4,1.0,25.0,150.0,60.533117514645,1.0,1.0,0.5
91,,True,20.002394485167372,405.4476061952596,0.49999999999999994,150.0,76.2775794831464,22.099999999999977,214.06400926890672,0.3476992771616653,1.483391793050107,76.2775794831464,1.6078166151936488,214.06400926890694,0.01981616350208211,0.25150944559422705,0.06283263556824888,1.5,20.0,100.0,4464.0,1195.4,1.0,25.0,150.0,76.2775794831464,1.0,1.0,0.5
92,,True,20.002394485167372,405.4476061952595,0.49999999999999994,150.0,69.6356012201754,22.099999999999977,213.15723071638752,0.36806043383764636,1.6290367764529279,69.6356012201754,1.6078166151936488,213.15723071638809,0.02118654123930696,0.2500462571164964,0.06342905760053656,1.5,20.0,100.0,4464.0,1195.4,1.0,25.0,150.0,69.6356012201754,1.0,1.0,0.5
93,,True,20.002394485167372,405.44760619525937,0.49999999999999994,150.0,66.9522504434036,22.099999999999977,212.78844721310782,0.3775116284199221,1.6961531209412941,66.9522504434036,1.6078166151936488,212.78844721310764,0.021819541245706488,0.24936901810349796,0.06370729114209943,1.5,20.0,100.0,4464.0,1195.4,1.0,25.0,150.0,66.9522504434036,1.0,1.0,0.5
94,,True,20.002394485167372,405.4476061952596,0.49999999999999994,150.0,85.6295542439656,22.099999999999977,215.3255283390627,0.3247508736618556,1.3169317882803824,85.6295542439656,1.6078166151936488,215.32552833906226,0.018256596263631235,0.2531682869241592,0.06216657316354682,1.5,20.0,100.0,4464.0,1195.4,1.0,25.0,150.0,85.6295542439656,1.0,1.0,0.5
95,,True,20.002394485167372,405.4476061952595,0.49999999999999994,150.0,69.6092474829601,22.099999999999977,213.1536155438336,0.3681494974170882,1.6296705452292333,69.6092474829601,1.6078166151936488,213.1536155438336,0.021192514450501486,0.25003987012903456,0.06343167575312615,1.5,20.0,100.0,4464.0,1195.4,1.0,25.0,150.0,69.6092474829601,1.0,1.0,0.5
96,,True,20.002394485167372,405.44760619525937,0.49999999999999994,150.0,81.1650396097332,22.099999999999977,214.72556540879543,0.33499081917476303,1.3915708051192608,81.16503960973321,1.6078166151936488,214.72556540879572,0.01895489762652087,0.2524265140595629,0.06246284719813477,1.5,20.0,100.0,4464.0,1195.4,1.0,25.0,150.0,81.1650396097332,1.0,1.0,0.5
97,,True,20.002394485167372,405.4476061952596,0.49999999999999994,150.0,67.2522340616468,22.099999999999977,212.8297433515117,0.37641531060304595,1.6883814301876652,67.2522340616468,1.6078166151936488,212.82974335151175,0.021746199793309703,0.24944752414578522,0.06367497626577835,1.5,20.0,100.0,4464.0,1195.4,1.0,25.0,150.0,67.2522340616468,1.0,1.0,0.5
98,,True,20.002394485167372,405.4476061952595,0.49999999999999994,150.0,52.6754790687766,22.099999999999977,210.80442386511066,0.44498650947873764,2.169587357827471,52.6754790687766,1.6078166151936488,210.8044238651105,0.026304233969823197,0.24455395884946668,0.06571240844966293,1.5,20.0,100.0,4464.0,1195.4,1.0,25.0,150.0,52.6754790687766,1.0,1.0,0.5
99,,True,20.002394485167372,405.44760619525937,0.49999999999999994,150.0,98.138835082864,22.099999999999977,216.98382611047066,0.3014600007616174,1.1442462470792216,98.13883508286399,1.6078166151936488,216.98382611047077,0.01664849406506904,0.2548686736329109,0.06149994051083295,1.5,20.0,100.0,4464.0,1195.4,1.0,25.0,150.0,98.138835082864,1.0,1.0,0.5
100,,True,20.002394485167372,405.4476061952596,0.49999999999999994,150.0,57.4670051690396,22.099999999999977,211.47420075126416,0.4184293146875306,1.9841889404731166,57.4670051690396,1.6078166151936488,211.47420075126462,0.024544567537139517,0.2464461619997707,0.06491983670430489,1.5,20.0,100.0,4464.0,1195.4,1.0,25.0,150.0,57.4670051690396,1.0,1.0,0.5
101,,True,20.002394485167372,405.4476061952595,0.49999999999999994,150.0,66.2855055488465,22.099999999999977,212.69660137207165,0.3799859402717517,1.7136808694373031,66.2855055488465,1.6078166151936488,212.69660137207137,0.02198499088226765,0.2491918821552127,0.06378026089490944,1.5,20.0,100.0,4464.0,1195.4,1.0,25.0,150.0,66.2855055488465,1.0,1.0,0.5
102,,True,20.002394485167372,405.44760619525937,0.49999999999999994,150.0,53.5913119048729,22.099999999999977,210.93272589427386,0.4395286795292232,2.1315595534694323,53.5913119048729,1.6078166151936488,210.93272589427397,0.025943006244072496,0.24494263866286495,0.06554921840190822,1.5,20.0,100.0,4464.0,1195.4,1.0,25.0,150.0,53.5913119048729,1.0,1.0,0.5
103,,True,20.002394485167372,405.4476061952596,0.49999999999999994,150.0,71.8433397637363,22.099999999999977,213.4596053320692,0.36084594740916354,1.577609960572437,71.8433397637363,1.6078166151936488,213.45960533206943,0.020702125032833203,0.25056397895687826,0.0632172320321222,1.5,20.0,100.0,4464.0,1195.4,1.0,25.0,150.0,71.8433397637363,1.0,1.0,0.5
104,,True,20.002394485167372,405.4476061952595,0.49999999999999994,150.0,84.5251860651474,22.099999999999977,215.17750915647548,0.3271741755702158,1.3346546654121665,84.5251860651474,1.6078166151936488,215.1775091564756,0.018422248082865144,0.25299248238652783,0.0622365363383602,1.5,20.0,100.0,4464.0,1195.4,1.0,25.0,150.0,84.5251860651474,1.0,1.0,0.5
105,,True,20.002394485167372,405.44760619525937,0.49999999999999994,150.0,88.2204207306226,22.099999999999977,215.67176497111512,0.31932602565029955,1.2771097761672079,88.22042073062259,1.6078166151936488,215.6717649711154,0.017884772143669018,0.2535625059404205,0.0620103209987071,1.5,20.0,100.0,4464.0,1195.4,1.0,25.0,150.0,88.2204207306226,1.0,1.0,0.5
106,,True,20.002394485167372,405.4476061952596,0.49999999999999994,150.0,91.7464401129097,22.099999999999977,216.14065737412403,0.31248295206778,1.2265573683508897,91.7464401129097,1.6078166151936488,216.1406573741238,0.017413569719811266,0.2540612365596468,0.06181401142629237,1.5,20.0,100.0,4464.0,1195.4,1.0,25.0,150.0,91.7464401129097,1.0,1.0,0.5
107,,True,20.002394485167372,405.4476061952595,0.49999999999999994,150.0,70.3684979157676,22.099999999999977,213.25771460194204,0.36561199142722084,1.6116036169708947,70.3684979157676,1.6078166151936488,213.2577146019421,0.021022267345046388,0.25022188168217263,0.06335711158268663,1.5,20.0,100.0,4464.0,1195.4,1.0,25.0,150.0,70.3684979157676,1.0,1.0,0.5
108,,True,20.002394485167372,405.44760619525937,0.49999999999999994,150.0,97.7431712089511,22.099999999999977,216.93189759717762,0.3020956107052797,1.149025818872247,97.7431712089511,1.6078166151936488,216.93189759717785,0.016692841249532856,0.25482195869354013,0.06151797005435049,1.5,20.0,100.0,4464.0,1195.4,1.0,25.0,150.0,97.7431712089511,1.0,1.0,0.5
109,,True,20.002394485167372,405.4476061952596,0.49999999999999994,150.0,89.868494658877,22.099999999999977,215.89126083553754,0.316053767602037,1.252983443667598,89.868494658877,1.6078166151936488,215.8912608355376,0.01765977131825419,0.2538007764941249,0.06191633264785073,1.5,20.0,100.0,4464.0,1195.4,1.0,25.0,150.0,89.868494658877,1.0,1.0,0.5
110,,True,20.002394485167372,405.4476061952595,0.49999999999999994,150.0,53.5075280813937,22.099999999999977,210.92099376680835,0.4400199280529704,2.134983776924918,53.50752808139369,1.6078166151936488,210.92099376680852,0.02597552724174234,0.24490765099780207,0.06556390061352436,1.5,20.0,100.0,4464.0,1195.4,1.0,25.0,150.0,53.5075280813937,1.0,1.0,0.5
111,,True,20.002394485167372,405.44760619525937,0.49999999999999994,150.0,51.8638941344841,22.099999999999977,210.69061851586565,0.44999019751133196,2.204421847870423,51.8638941344841,1.6078166151936488,210.69061851586594,0.026635249841881765,0.24419768678888037,0.06586215003851088,1.5,20.0,100.0,4464.0,1195.4,1.0,25.0,150.0,51.8638941344841,1.0,1.0,0.5
112,,True,20.002394485167372,405.4476061952596,0.49999999999999994,150.0,90.295405816334,22.099999999999977,215.94802284029726,0.31522759314855375,1.2468786727282652,90.295405816334,1.6078166151936488,215.94802284029686,0.017602872220820368,0.2538609957119573,0.06189263566426072,1.5,20.0,100.0,4464.0,1195.4,1.0,25.0,150.0,90.295405816334,1.0,1.0,0.5
113,,True,20.002394485167372,405.4476061952595,0.49999999999999994,150.0,98.6047466496505,22.099999999999977,217.04492993993478,0.3007188826938398,1.138667681709796,98.6047466496505,1.6078166151936488,217.0449299399349,0.01659674633553456,0.25492316954609223,0.061478931635387285,1.5,20.0,100.0,4464.0,1195.4,1.0,25.0,150.0,98.6047466496505,1.0,1.0,0.5
114,,True,20.002394485167372,405.44760619525937,0.49999999999999994,150.0,68.2459201216355,22.099999999999977,212.96641335402046,0.37285668107605846,1.663130545934778,68.2459201216355,1.6078166151936488,212.9664133540207,0.021507984773707262,0.24970244497135685,0.06357015451726468,1.5,20.0,100.0,4464.0,1195.4,1.0,25.0,150.0,68.2459201216355,1.0,1.0,0.5
115,,True,20.002394485167372,405.4476061952596,0.49999999999999994,150.0,51.278373089227,22.099999999999977,210.6084514567459,0.4537020429366348,2.2302459951071216,51.278373089227,1.6078166151936488,210.60845145674574,0.02688071658028237,0.24393343203947046,0.06597331005763914,1.5,20.0,100.0,4464.0,1195.4,1.0,25.0,150.0,51.278373089227,1.0,1.0,0.5
116,,True,20.002394485167372,405.4476061952595,0.49999999999999994,150.0,69.4477818939476,22.099999999999977,213.13146296368842,0.3686967463795506,1.6335641561293217,69.4477818939476,1.6078166151936488,213.13146296368853,0.02122921313877528,0.2500006276523393,0.06344776456047985,1.5,20.0,100.0,4464.0,1195.4,1.0,25.0,150.0,69.4477818939476,1.0,1.0,0.5
117,,True,20.002394485167372,405.44760619525937,0.49999999999999994,150.0,83.7840008386122,22.099999999999977,215.07802290113898,0.32883971838927684,1.3468134811187276,83.7840008386122,1.6078166151936488,215.07802290113915,0.0185359523046447,0.25287174990607375,0.06228467817081665,1.5,20.0,100.0,4464.0,1195.4,1.0,25.0,150.0,83.7840008386122,1.0,1.0,0.5
118,,True,20.002394485167372,405.4476061952596,0.49999999999999994,150.0,61.6361138481969,22.099999999999977,212.05384519667956,0.39881492111983524,1.8465569540171,61.636113848196906,1.6078166151936488,212.05384519667967,0.02324093109196715,0.2478457588943608,0.06433712240902621,1.5,20.0,100.0,4464.0,1195.4,1.0,25.0,150.0,61.6361138481969,1.0,1.0,0.5
119,,True,20.002394485167372,405.4476061952595,0.49999999999999994,150.0,64.7950133725117,22.099999999999977,212.49098098290125,0.38571206679614006,1.7541810877497888,64.7950133725117,1.6078166151936488,212.49098098290142,0.022367491190595775,0.24878218262404433,0.06394932213264815,1.5,20.0,100.0,4464.0,1195.4,1.0,25.0,150.0,64.7950133725117,1.0,1.0,0.5
120,,True,20.002394485167372,405.44760619525937,0.49999999999999994,150.0,89.3153808140599,22.099999999999977,215.81766049286819,0.31713714355422284,1.2609804263632136,89.3153808140599,1.6078166151936488,215.81766049286796,0.017734327399780484,0.2537218479700421,0.06194742734102044,1.5,20.0,100.0,4464.0,1195.4,1.0,25.0,150.0,89.3153808140599,1.0,1.0,0.5
121,,True,20.002394485167372,405.4476061952596,0.49999999999999994,150.0,83.288226685307,22.099999999999977,215.0114125014088,0.32997184675518276,1.3550682759538148,83.288226685307,1.6078166151936488,215.01141250140864,0.018613174278310485,0.25278972791901666,0.06231742716484443,1.5,20.0,100.0,4464.0,1195.4,1.0,25.0,150.0,83.288226685307,1.0,1.0,0.5
122,,True,20.002394485167372,405.4476061952595,0.49999999999999994,150.0,81.9121702543759,22.099999999999977,214.8262600259535,0.33319242816923206,1.3785082224395018,81.91217025437588,1.6078166151936488,214.82626002595345,0.018832564565403248,0.25255658616627386,0.062410697109453364,1.5,20.0,100.0,4464.0,1195.4,1.0,25.0,150.0,81.9121702543759,1.0,1.0,0.5
123,,True,20.002394485167372,405.44760619525937,0.49999999999999994,150.0,57.1250890365618,22.099999999999977,211.4265307496674,0.4201708889147039,1.996377294624358,57.1250890365618,1.6078166151936488,211.4265307496675,0.024660132356311638,0.24632199109688876,0.06497169194139402,1.5,20.0,100.0,4464.0,1195.4,1.0,25.0,150.0,57.1250890365618,1.0,1.0,0.5
124,,True,20.002394485167372,405.4476061952596,0.49999999999999994,150.0,61.2997676435239,22.099999999999977,212.00719471661137,0.4002937817939811,1.8569592888274387,61.2997676435239,1.6078166151936488,212.00719471661137,0.023339369904202295,0.2477401512543787,0.06438096924088413,1.5,20.0,100.0,4464.0,1195.4,1.0,25.0,150.0,61.2997676435239,1.0,1.0,0.5
